{
  "project_info": {
    "project_number": "1044938114845",
    "firebase_url": "https://soilmoisturedemo.firebaseio.com",
    "project_id": "soilmoisturedemo",
    "storage_bucket": "soilmoisturedemo.appspot.com"
  },
  "client": [
    {
      "client_info": {
        "mobilesdk_app_id": "1:1044938114845:android:bb60a60a94a75cd0",
        "android_client_info": {
          "package_name": "com.example.soilmoisture"
        }
      },
      "oauth_client": [
        {
          "client_id": "1044938114845-iqqh4hbc2p0bmq63o7a0eh9126ldncb0.apps.googleusercontent.com",
          "client_type": 1,
          "android_info": {
            "package_name": "com.example.soilmoisture",
            "certificate_hash": "e7bd2129c2af6a201c7f43b78592a37d170d751a"
          }
        },
        {
          "client_id": "1044938114845-t6frosgdph4eflk18lbqkdmqum4gv71g.apps.googleusercontent.com",
          "client_type": 3
        }
      ],
      "api_key": [
        {
          "current_key": "AIzaSyDQCplMC5p28NZrK5TF6NvPv_jC8shhrbU"
        }
      ],
      "services": {
        "appinvite_service": {
          "other_platform_oauth_client": [
            {
              "client_id": "1044938114845-t6frosgdph4eflk18lbqkdmqum4gv71g.apps.googleusercontent.com",
              "client_type": 3
            }
          ]
        }
      }
    }
  ],
  "configuration_version": "1"
}